{
  "project_info": {
    "project_number": "685951473112",
    "project_id": "techappfinal",
    "storage_bucket": "techappfinal.appspot.com"
  },
  "client": [
    {
      "client_info": {
        "mobilesdk_app_id": "1:685951473112:android:281c7f27d4020cd565cead",
        "android_client_info": {
          "package_name": "com.example.tech_app_v1"
        }
      },
      "oauth_client": [
        {
          "client_id": "685951473112-gmn1ms2tujopo3co4g99bfgrdn4frbk1.apps.googleusercontent.com",
          "client_type": 3
        }
      ],
      "api_key": [
        {
          "current_key": "AIzaSyDMxyb5k1HFcHeoDNM7-2mtY6LS2tB2jkk"
        }
      ],
      "services": {
        "appinvite_service": {
          "other_platform_oauth_client": [
            {
              "client_id": "685951473112-gmn1ms2tujopo3co4g99bfgrdn4frbk1.apps.googleusercontent.com",
              "client_type": 3
            }
          ]
        }
      }
    }
  ],
  "configuration_version": "1"
}